filename,x1,y1,x2,y2,x3,y3,x4,y4,,,,,,,,,,,,,,,,,,,,,,,,,,,,,,,,,,,,,,,,,,,,,,,,,,,,,,,,,,,,,,,,,,,,,,,,,,,,,,,,,,,,,,,,,,,,,,,,,,,,,,,,,,,,,,,,,,,,,,,,,,,,,,,,
S010_001_01594226.png,260,232,260,263,261,293,265,323,276,351,295,377,320,399,351,416,386,421,420,415,449,399,473,377,492,351,501,322,504,289,505,257,505,225,273,198,287,183,309,179,331,181,351,189,402,186,423,175,447,171,471,176,487,193,376,214,377,240,377,266,378,293,349,304,364,310,380,314,396,309,410,302,294,225,309,215,327,215,343,227,326,230,309,231,411,224,428,211,447,210,461,219,448,225,430,227,322,343,341,334,363,330,381,332,399,328,423,332,445,341,426,364,403,375,383,377,364,376,342,366,329,344,363,340,381,341,400,339,438,342,401,357,382,359,364,358
S010_002_01593902.png,261,239,261,273,265,308,276,340,292,369,310,397,332,421,357,438,385,443,414,437,438,418,460,391,476,362,488,330,496,296,502,262,503,228,274,189,288,173,310,169,332,173,352,183,398,182,419,167,445,160,470,166,487,186,375,214,376,238,376,263,377,287,354,307,366,312,379,315,393,311,405,306,293,224,307,210,327,211,343,226,327,232,307,233,410,224,428,207,448,205,463,219,450,229,430,229,343,371,352,348,368,337,379,340,391,337,410,347,423,369,411,399,395,413,381,414,368,413,352,399,349,371,368,352,380,353,392,352,415,369,393,390,380,392,368,390
S010_003_01595414.png,264,241,264,272,266,302,271,330,281,357,298,382,320,404,348,422,379,426,410,423,436,408,461,387,479,363,488,334,495,303,501,273,504,241,275,206,291,192,313,191,335,194,357,200,394,199,420,194,445,191,470,195,488,209,376,222,376,247,377,271,377,296,352,312,364,316,377,319,390,316,403,312,295,228,309,217,326,218,342,231,326,233,309,233,411,231,428,218,446,218,461,229,447,234,430,233,329,352,347,342,364,338,377,342,390,339,409,344,429,353,408,361,391,364,376,364,362,363,346,360,335,351,363,347,377,349,391,348,420,352,390,347,376,348,362,346
S010_004_01595013.png,260,240,262,273,266,304,273,333,285,360,304,384,327,405,354,420,385,424,414,420,440,405,462,383,480,358,489,328,494,296,498,264,499,231,271,210,286,196,309,193,333,194,356,199,390,196,417,191,442,188,467,192,484,207,374,220,375,244,376,267,377,291,352,308,365,312,379,314,392,310,405,305,294,230,308,221,325,220,342,228,326,231,310,233,409,226,427,216,443,217,458,224,444,227,427,227,337,350,355,343,371,339,381,341,392,338,411,340,431,346,413,356,396,361,384,362,372,361,356,358,345,349,371,346,382,347,394,345,423,345,394,345,382,347,371,346
S010_005_01593515.png,262,231,264,264,267,295,273,326,285,355,304,382,327,405,353,425,384,429,413,423,437,404,459,380,478,352,488,321,494,288,498,256,502,222,274,205,289,188,313,182,338,183,359,193,388,191,413,181,440,178,466,187,483,205,377,216,377,240,378,263,378,287,351,294,364,300,379,305,394,300,406,293,298,221,312,215,328,215,343,222,328,223,313,224,409,220,426,212,441,213,456,219,442,221,426,221,338,342,349,323,365,318,380,322,396,318,415,323,425,341,415,363,398,378,381,381,365,378,349,364,344,341,365,328,380,330,396,328,418,340,396,355,380,358,365,355
S010_006_01594629.png,257,230,259,262,261,292,265,322,278,349,299,374,324,396,355,414,388,419,421,412,449,392,472,368,491,342,501,314,503,283,503,253,503,221,267,203,283,188,305,186,327,190,347,198,397,194,419,184,443,179,467,182,486,198,373,214,374,241,375,267,376,294,349,301,363,306,378,311,394,305,408,299,290,224,305,215,322,215,338,225,322,227,305,227,409,223,425,211,443,210,458,218,444,222,427,223,317,328,339,324,363,323,380,325,398,321,424,322,447,324,426,356,402,372,382,375,364,373,339,358,324,331,363,331,380,333,399,329,440,327,400,355,381,358,363,356
S011_001_03141509.png,254,229,257,265,266,302,278,339,292,373,310,407,334,436,362,455,397,460,431,452,455,432,475,400,490,365,502,328,513,290,519,253,520,215,280,201,298,183,323,178,349,182,373,190,408,189,429,178,454,172,479,172,497,187,393,219,394,238,395,256,396,276,371,303,383,305,397,306,410,303,421,300,310,227,324,216,343,215,358,227,342,234,324,235,425,223,440,208,458,208,473,218,460,227,442,227,356,372,367,344,386,332,397,334,408,331,427,341,436,367,428,400,411,417,399,420,386,419,367,405,364,371,386,348,397,347,408,346,429,367,409,396,398,398,387,397
S011_002_03142820.png,257,234,260,267,267,298,276,330,287,360,306,386,333,406,365,418,399,421,432,414,460,399,484,377,500,349,509,318,516,286,522,255,525,223,284,215,302,197,329,190,358,189,385,193,410,192,437,187,462,184,487,187,504,203,398,222,399,242,401,262,402,283,376,309,389,309,402,310,414,309,424,307,315,233,330,222,347,221,363,232,347,238,329,239,430,229,444,215,462,214,477,223,464,231,446,231,353,358,372,346,390,338,400,341,410,338,427,344,444,355,427,367,411,369,399,370,389,369,371,367,360,356,390,351,400,352,410,351,435,355,409,351,399,352,389,351
S011_003_03141827.png,251,224,254,256,259,287,265,318,275,349,294,375,324,395,356,409,393,413,428,407,459,390,484,367,500,340,508,308,513,276,516,245,517,214,275,202,291,181,316,171,344,167,371,173,399,172,425,167,453,167,478,173,494,191,387,206,388,224,389,243,389,263,361,289,376,291,391,292,405,289,418,286,305,219,319,207,337,206,353,218,337,223,319,224,420,213,434,199,452,198,468,208,454,215,437,216,330,337,353,326,376,318,390,320,404,317,426,322,448,334,428,351,407,358,392,360,376,359,353,353,339,337,376,329,391,330,405,328,439,334,405,340,391,341,376,340
S011_004_03142515.png,255,233,259,266,266,298,275,329,287,358,306,384,333,404,366,417,400,418,433,413,460,398,484,377,500,350,509,318,515,287,520,255,523,223,286,223,306,208,333,204,360,207,389,211,410,212,435,205,460,199,485,198,504,211,400,230,401,247,402,263,403,280,376,306,389,307,402,308,415,306,426,304,315,235,330,227,348,226,363,236,348,240,330,241,432,232,447,221,464,220,479,227,466,235,448,235,355,350,375,342,392,337,401,340,410,337,426,341,444,349,427,357,411,360,401,361,391,361,374,358,363,348,392,345,401,347,411,345,437,347,410,347,401,348,391,347
S011_005_03141101.png,251,235,255,268,262,299,271,331,283,361,302,387,328,408,357,426,392,430,426,423,453,403,477,380,495,354,504,322,510,290,516,257,518,224,278,221,297,205,323,199,350,197,376,203,397,205,421,195,448,193,476,196,496,211,387,224,388,241,390,258,391,277,364,297,377,299,391,302,405,298,418,293,309,233,323,226,338,224,354,230,339,233,324,234,421,226,435,219,450,219,465,225,450,227,436,227,346,344,358,327,377,322,392,325,406,321,424,325,437,341,425,360,407,371,392,373,376,371,358,361,354,342,377,332,393,334,406,332,429,340,406,349,392,352,376,349
S011_006_03142202.png,258,225,261,257,265,289,272,320,283,350,304,378,331,402,361,422,398,428,434,420,463,397,488,372,507,342,517,310,522,279,524,247,525,215,282,213,302,198,326,192,352,195,377,202,415,200,438,192,463,187,488,189,506,202,397,220,398,240,399,260,400,281,369,300,384,302,400,304,415,301,429,297,313,227,328,220,344,219,360,227,344,229,329,229,432,224,447,214,462,213,477,219,463,222,448,224,330,327,354,323,381,320,399,323,416,320,442,321,465,324,443,352,418,367,399,370,379,368,353,356,337,330,381,332,399,333,417,330,457,327,417,347,398,350,380,349
S014_001_02405128.png,240,234,245,271,252,307,263,343,276,377,293,411,314,440,340,460,372,468,405,464,432,446,454,416,470,380,482,343,493,304,499,265,500,226,263,208,276,188,298,177,322,179,345,188,392,185,413,173,437,169,460,177,476,196,370,224,370,248,370,270,371,294,346,312,358,318,372,322,386,317,398,312,287,237,301,226,320,225,336,237,319,242,301,243,405,235,421,222,440,220,454,230,442,238,423,239,328,372,340,349,359,341,372,344,386,342,407,349,420,371,408,407,388,425,372,427,357,425,340,407,336,373,359,355,372,356,387,355,413,372,387,404,372,407,358,404
S014_002_02411113.png,243,244,248,276,256,307,264,336,273,364,288,389,311,408,338,422,370,427,404,423,433,411,458,391,474,364,482,334,488,303,495,271,497,237,262,228,277,211,300,204,326,205,351,209,382,207,407,200,432,199,456,205,473,221,366,230,366,253,366,275,366,298,341,314,354,318,367,321,381,318,394,315,288,240,302,234,318,233,333,240,318,243,303,244,403,239,418,230,434,230,448,236,435,242,419,242,324,361,337,347,352,341,365,344,379,341,395,348,410,362,395,365,379,366,365,366,351,365,337,363,329,358,352,351,365,353,379,352,404,360,378,350,364,351,351,350
S014_003_02410710.png,245,240,249,273,258,304,266,334,276,363,292,389,316,409,344,423,375,428,407,423,435,408,460,388,476,362,485,331,492,300,498,268,500,234,266,228,281,213,304,209,328,211,352,215,382,214,407,207,431,202,456,204,475,217,368,232,369,254,369,275,370,298,344,314,357,317,371,320,386,316,399,311,290,241,304,233,320,232,335,241,320,244,305,245,405,239,420,230,436,229,450,235,436,241,421,241,324,360,342,350,359,345,370,347,381,344,399,349,418,358,399,364,382,364,371,365,359,365,343,364,331,358,359,355,370,356,382,354,411,357,381,352,370,353,359,352
S014_004_02404104.png,241,246,247,277,255,305,263,335,272,364,288,390,313,411,341,427,374,432,406,429,434,413,459,392,476,363,483,332,488,300,495,269,498,237,260,230,275,215,297,207,322,209,347,213,383,213,408,205,433,201,457,205,476,218,366,233,367,254,367,275,368,298,342,309,355,314,369,317,384,313,396,308,288,240,301,234,317,233,332,239,317,242,302,243,402,238,417,231,433,230,448,235,434,240,419,240,326,353,341,340,355,336,369,339,383,336,399,341,417,353,398,358,383,361,369,362,355,360,342,356,333,351,355,344,369,347,383,345,409,351,383,347,368,348,355,346
S014_005_02405904.png,242,237,246,269,253,300,261,331,272,360,291,387,318,408,349,426,382,432,413,424,440,405,463,382,479,355,488,324,492,293,495,261,496,229,264,219,280,203,303,196,327,197,350,204,392,201,414,191,438,189,461,193,479,208,372,224,373,248,373,272,374,296,347,308,361,312,376,316,391,311,404,306,289,236,304,230,320,230,336,237,320,239,304,240,408,234,424,226,440,225,455,229,441,234,425,235,311,337,335,331,357,330,376,332,395,330,418,330,441,334,420,361,398,373,378,376,358,373,335,362,319,340,358,341,376,342,395,340,433,337,396,356,377,359,358,356
S022_001_00021417.png,243,204,246,232,252,259,262,286,273,311,287,334,305,354,327,364,354,366,379,361,400,349,416,327,428,302,437,275,441,247,443,218,443,189,254,175,266,161,283,155,302,157,319,162,352,158,370,149,390,145,409,149,423,162,338,187,339,203,340,219,340,235,323,256,333,258,343,259,353,257,362,253,276,199,287,190,303,189,316,198,303,204,287,206,363,195,376,183,391,182,404,189,393,198,378,199,313,305,322,289,336,281,344,284,353,281,369,287,382,302,372,323,357,333,347,334,337,333,324,324,320,305,336,294,345,294,354,293,375,302,355,316,346,317,337,316
S022_002_00022626.png,247,201,249,228,254,255,260,280,271,305,287,326,307,344,331,359,359,361,387,354,408,337,427,316,440,293,446,267,448,240,448,214,447,186,261,178,271,164,289,157,309,160,327,166,356,165,374,158,395,154,414,158,427,170,345,185,346,202,347,218,348,235,328,253,339,256,350,258,362,254,372,250,284,198,295,191,309,190,323,197,309,201,295,203,371,194,383,186,397,185,408,191,398,197,384,197,308,290,325,286,341,281,352,283,363,279,381,282,397,286,383,304,367,313,355,315,343,314,326,308,315,293,342,292,353,292,364,290,390,288,365,295,354,298,342,297
S022_003_00023018.png,246,204,248,230,252,256,258,282,268,305,285,326,307,344,331,360,359,365,386,357,408,339,427,319,440,296,447,270,448,244,448,217,446,191,262,181,275,169,292,166,311,168,329,174,359,170,376,162,394,158,413,160,427,170,346,191,347,207,348,223,349,240,328,255,339,258,351,260,363,256,373,252,285,201,296,195,309,194,323,201,310,204,296,205,372,198,383,189,396,189,408,193,398,198,385,199,304,286,321,282,340,278,353,280,366,277,385,279,402,281,389,306,371,316,356,319,342,318,323,309,311,288,340,288,353,289,367,287,396,285,369,300,355,302,342,301
S022_004_00024611.png,246,203,250,231,256,258,263,285,274,310,290,332,309,351,332,363,358,365,385,360,406,346,423,325,435,300,443,273,447,245,448,216,447,187,260,184,273,171,291,167,311,170,330,176,357,173,375,164,395,159,414,161,428,172,345,193,346,209,346,225,347,242,329,261,339,263,350,264,361,262,370,259,282,202,294,195,308,194,322,202,309,207,294,208,370,199,382,189,396,188,409,193,398,201,383,202,316,304,330,295,342,289,351,292,361,289,374,293,390,300,376,309,363,313,353,315,344,314,331,311,323,303,342,300,352,301,362,299,383,300,362,299,352,301,343,300
S022_005_00023506.png,246,202,250,230,256,256,264,282,275,306,290,328,310,346,333,356,360,358,388,353,409,338,427,318,438,294,445,268,447,241,449,214,448,186,263,185,278,174,297,172,317,177,337,181,356,179,375,172,394,165,414,164,430,173,348,193,349,209,350,224,352,241,332,260,342,262,354,263,365,261,374,258,285,203,297,196,311,195,324,202,312,207,297,208,373,199,386,191,400,190,412,195,401,202,387,202,317,301,333,293,346,288,355,290,364,287,377,290,394,296,379,305,366,309,357,310,348,311,334,308,324,300,346,297,355,298,364,295,387,296,365,296,356,298,347,297
S022_006_00020915.png,244,201,248,229,254,256,261,282,271,306,287,328,307,345,330,355,357,356,383,351,405,336,424,316,436,293,444,267,446,240,447,214,446,187,256,186,269,173,289,169,309,173,329,178,355,176,373,169,392,164,411,164,425,174,343,192,344,207,344,221,345,237,323,252,334,255,347,258,359,253,369,248,281,201,292,195,305,194,319,199,306,201,293,203,370,196,382,190,394,189,406,193,395,196,382,196,311,293,323,282,337,278,348,280,359,276,373,278,386,287,375,298,363,305,352,308,340,307,326,303,317,293,337,290,349,290,360,288,379,287,361,289,350,292,339,291
S026_001_01383511.png,238,196,241,223,248,251,257,277,268,301,280,325,296,347,317,364,343,369,368,364,388,346,404,323,415,297,423,270,430,241,434,212,435,184,253,171,263,156,279,149,296,150,313,157,359,153,375,144,392,141,408,148,418,162,339,186,339,201,340,216,341,232,324,247,332,250,341,253,350,250,358,247,274,195,285,184,301,184,314,195,301,200,285,201,362,192,375,179,390,178,401,188,393,196,377,197,313,293,321,274,333,267,341,269,351,268,365,275,374,294,365,315,353,324,342,325,333,323,321,314,318,293,334,280,341,280,351,281,368,294,352,308,341,309,333,307
S026_002_01384609.png,231,210,235,235,241,258,247,281,257,303,269,324,286,343,308,358,335,362,361,358,382,343,399,323,411,300,419,276,424,251,428,225,430,199,248,200,259,187,276,180,295,178,314,182,350,179,368,172,387,171,404,176,415,188,333,207,334,222,335,238,336,254,316,266,326,269,336,272,346,269,354,265,271,213,282,206,295,206,307,212,295,216,282,217,358,210,370,202,383,201,394,207,385,213,371,213,302,300,314,289,325,286,334,288,344,286,356,290,367,300,356,307,345,309,335,310,325,309,314,307,308,298,325,295,334,296,344,296,361,299,344,296,334,297,325,296
S026_003_01384302.png,230,201,234,227,239,252,247,277,257,300,272,322,290,340,312,356,337,361,361,356,382,342,400,322,414,298,423,272,428,246,431,220,433,193,249,204,265,196,284,195,303,199,323,202,348,199,367,192,385,186,404,183,420,190,336,212,336,227,337,243,338,259,318,268,328,271,338,273,348,270,357,267,272,215,284,211,296,210,308,215,296,218,284,219,361,212,373,205,385,204,397,207,387,213,375,214,301,293,316,289,328,288,336,290,346,288,358,290,372,295,358,301,346,304,337,304,328,303,316,300,307,292,328,293,336,294,346,293,366,294,346,295,336,296,328,294
S026_004_01383101.png,231,206,236,232,242,257,249,280,259,303,272,325,289,343,311,357,337,360,363,356,383,342,400,323,413,300,421,275,426,249,430,224,431,197,247,206,262,196,280,196,299,201,317,206,350,202,368,196,386,189,404,187,420,194,335,215,336,231,337,247,338,263,316,267,327,271,338,275,349,271,357,266,271,219,282,215,294,215,307,219,295,221,283,222,362,216,374,210,386,209,397,212,387,216,376,217,302,294,313,284,325,283,336,286,349,284,361,286,370,296,361,307,349,313,337,314,325,312,313,305,307,294,325,291,336,292,349,291,365,295,349,302,336,303,324,301
S026_005_01383802.png,234,204,237,229,242,252,248,276,256,298,268,318,286,336,308,352,335,358,363,354,387,339,405,319,418,296,424,272,427,247,430,221,432,194,251,200,264,190,280,187,298,187,316,190,351,186,369,181,386,178,404,180,417,189,334,208,334,225,335,241,335,258,315,264,325,268,335,271,346,269,356,265,273,212,284,207,296,206,308,213,297,215,284,216,360,211,371,202,384,201,395,206,385,211,373,212,297,291,308,282,321,281,333,284,345,282,361,285,373,293,361,307,346,314,333,315,321,313,308,305,301,291,322,288,333,290,346,289,369,293,346,303,333,304,321,301
S026_006_01384000.png,232,200,235,225,239,250,245,275,256,298,272,318,291,338,314,355,341,360,367,353,389,336,407,315,422,294,430,270,432,243,432,218,433,191,249,193,263,182,280,179,299,181,316,187,355,183,371,176,388,172,406,174,419,183,337,206,338,222,339,238,340,254,318,260,329,263,340,266,350,263,359,260,274,208,286,203,298,203,310,211,298,212,286,212,362,209,374,200,386,198,397,203,388,207,376,209,292,280,309,276,327,275,339,278,353,276,371,276,387,278,372,299,354,310,340,312,326,311,308,302,296,281,327,283,339,284,353,282,381,279,354,300,339,302,326,301
S032_001_01345811.png,253,211,254,237,258,262,264,287,269,312,278,337,291,359,309,375,335,381,362,377,385,365,404,346,417,321,425,295,428,267,432,239,435,212,261,193,271,180,287,175,304,178,320,186,346,185,364,179,383,178,400,183,412,196,333,202,333,214,332,227,332,240,318,259,325,261,333,263,342,261,350,259,279,209,288,201,302,201,313,210,301,213,287,214,359,210,369,202,384,201,394,210,385,214,371,214,302,308,310,287,323,278,332,281,341,279,358,289,370,310,358,332,343,341,332,342,322,340,309,329,307,308,323,288,332,289,341,289,364,310,342,327,333,328,323,326
S032_002_01351516.png,257,224,259,248,263,272,268,296,273,318,284,338,300,354,317,366,340,369,363,367,385,357,405,343,420,325,428,302,433,278,437,254,440,230,270,207,279,195,295,190,312,190,328,196,350,198,368,195,386,196,403,201,415,211,341,215,340,227,340,240,340,253,323,270,331,272,340,274,349,272,357,270,287,219,296,213,308,213,319,220,308,223,296,223,364,222,374,215,386,217,397,223,386,225,375,225,306,306,318,295,330,290,339,292,349,291,362,296,374,309,361,311,348,314,338,315,328,314,317,311,312,305,329,299,339,300,349,300,368,307,348,302,338,303,329,302
S032_003_01350714.png,256,221,258,245,262,269,265,292,271,316,283,337,298,355,315,368,338,373,362,371,385,360,405,343,421,323,430,299,434,275,438,250,441,226,268,213,279,203,296,201,313,204,330,210,349,211,368,206,386,203,404,206,417,215,340,221,339,233,338,244,338,257,323,273,330,274,338,276,346,275,354,273,286,223,296,219,308,218,318,225,307,227,296,227,365,225,375,219,387,221,397,226,387,229,375,228,303,306,316,300,329,296,336,298,345,297,358,301,373,307,358,317,344,321,335,321,327,320,315,316,309,306,328,303,336,304,345,304,367,307,344,308,336,309,328,308
S032_004_01350116.png,257,219,259,243,263,266,266,290,272,312,283,332,298,349,316,363,340,368,366,365,389,353,409,337,425,318,432,295,436,271,440,247,444,223,270,209,281,199,297,195,313,197,330,201,352,202,370,198,388,197,405,201,417,209,341,216,340,228,340,240,339,252,323,268,331,270,339,273,348,271,357,269,288,219,297,213,309,213,319,220,308,222,297,222,366,221,377,214,388,215,399,221,389,224,378,224,301,303,312,293,327,289,338,292,351,290,369,295,384,306,368,320,350,326,337,327,325,325,311,318,306,303,327,298,338,299,350,298,378,306,350,314,338,314,326,313
S032_005_01345411.png,255,224,257,247,260,271,264,294,270,316,281,337,297,355,315,368,339,373,364,370,387,359,406,344,422,325,429,302,433,278,437,255,440,231,268,210,280,201,296,200,312,203,328,208,353,210,370,205,387,202,404,205,417,215,340,218,339,229,339,241,338,253,323,268,330,270,338,273,347,270,356,268,288,221,297,217,308,217,317,222,307,223,297,223,366,224,375,219,386,219,397,224,386,225,377,225,302,303,312,290,326,287,338,290,350,288,365,293,377,306,364,317,349,323,336,324,323,322,311,314,307,302,326,297,337,299,350,298,371,305,349,310,336,311,324,309
S032_006_01350405.png,256,221,258,243,261,266,264,290,271,314,284,335,300,353,320,367,344,371,368,367,390,354,410,337,425,317,432,293,435,268,439,244,442,220,266,207,276,196,292,191,309,192,325,198,354,198,371,192,390,192,407,198,420,208,340,214,340,226,340,239,340,252,322,268,331,270,340,272,350,269,359,267,285,217,296,213,307,214,317,220,306,220,295,220,366,220,377,214,388,215,399,219,389,221,378,221,295,295,311,288,328,285,341,288,355,286,374,288,392,294,375,313,356,324,340,326,326,324,309,314,301,296,328,295,341,296,355,294,387,295,356,311,340,313,327,311
S034_001_02293403.png,204,243,208,270,216,296,226,321,238,347,252,370,269,391,288,406,310,410,332,406,351,391,366,370,378,346,387,319,393,291,397,263,398,234,218,214,225,198,240,189,257,190,272,197,311,192,325,182,343,180,359,186,368,201,292,218,292,234,293,250,293,266,280,283,288,286,296,288,304,285,312,282,236,231,244,223,257,221,269,227,258,231,246,233,321,225,332,218,345,218,355,225,345,228,332,228,272,331,278,315,290,308,297,310,305,308,320,314,334,328,324,354,310,367,301,369,292,366,280,353,277,331,291,318,298,318,306,317,329,329,308,350,300,352,292,349
S034_002_02293713.png,206,244,209,268,215,289,219,312,225,334,237,353,256,367,279,378,304,380,329,377,351,367,371,353,384,333,391,311,394,287,395,264,396,240,220,227,231,216,246,210,264,210,281,214,303,212,319,206,337,204,355,206,369,214,292,225,293,241,293,257,294,273,281,287,288,290,296,291,304,288,312,286,237,236,246,229,258,228,269,233,258,235,247,237,321,231,332,224,343,225,353,231,344,232,333,232,262,320,276,315,289,312,299,314,309,312,324,314,341,317,326,329,311,334,300,335,290,335,276,331,268,321,289,319,299,320,310,319,336,319,310,323,299,324,289,324
S034_003_02295127.png,207,247,211,271,217,294,223,316,232,336,244,354,260,368,281,377,307,379,333,377,355,368,372,353,384,333,392,311,395,287,398,263,399,238,223,226,235,216,251,212,268,213,285,217,306,217,323,210,341,208,358,208,372,217,296,227,297,241,298,256,298,271,283,284,291,287,299,289,309,286,318,283,241,237,251,231,262,230,273,234,263,236,252,238,323,232,334,227,345,227,356,232,345,234,334,233,271,320,282,312,293,309,301,311,310,309,322,312,335,319,323,323,312,325,302,326,293,325,283,323,276,318,293,318,301,318,310,317,331,318,310,313,301,314,293,313
S034_004_02293010.png,205,245,209,269,214,291,221,313,229,334,243,352,260,365,282,374,307,375,332,371,353,360,371,346,383,327,390,305,393,282,395,259,396,236,216,227,226,215,243,210,260,209,278,213,303,211,319,204,338,202,355,204,370,213,291,225,292,240,293,254,294,269,278,280,287,283,296,285,306,281,314,276,235,235,245,229,256,227,268,231,257,234,246,236,320,229,331,223,342,224,353,229,343,230,332,230,272,313,280,304,289,300,297,301,305,298,316,301,329,309,318,312,308,315,300,316,291,316,282,315,276,311,289,306,298,306,306,304,325,308,307,305,299,307,290,306
S034_005_02293929.png,205,244,207,267,211,289,214,311,224,332,240,350,260,364,282,375,306,378,331,373,352,362,371,347,386,327,394,305,396,281,397,258,398,234,217,225,226,211,243,204,260,203,277,208,306,205,324,199,342,197,360,201,372,213,293,225,294,241,294,257,295,273,277,283,287,286,297,287,308,284,318,281,236,233,246,227,257,226,268,231,257,232,247,233,322,228,333,223,343,223,354,227,344,228,333,229,258,306,273,303,288,301,299,302,310,300,327,300,347,302,330,314,314,321,302,323,290,322,275,316,263,307,288,309,299,310,311,308,342,303,312,310,301,312,290,311
S035_001_02500816.png,207,218,209,248,215,277,224,305,235,333,248,359,266,381,286,396,310,400,333,394,352,377,366,353,377,327,386,300,393,272,397,242,398,212,227,197,238,185,255,179,272,180,289,187,321,187,336,178,353,176,369,180,380,191,306,212,307,226,307,241,308,256,292,272,299,274,308,276,316,274,324,271,245,217,256,207,271,207,282,217,269,223,255,223,329,216,340,205,355,204,364,213,356,220,342,221,282,326,286,301,301,291,308,293,316,291,331,300,335,324,332,351,319,366,309,367,300,366,286,352,287,325,301,303,309,303,316,303,330,324,317,349,309,351,301,349
S035_002_02502629.png,208,218,212,243,217,267,222,291,230,314,243,333,262,347,285,356,311,357,337,355,358,346,375,331,386,311,392,288,395,265,399,241,400,216,230,199,243,190,260,189,278,191,296,196,319,196,336,191,353,190,369,190,382,199,308,214,309,229,309,245,310,260,295,274,302,276,310,277,317,276,325,274,249,217,259,211,272,211,283,219,271,223,259,223,332,219,342,212,355,211,366,218,356,222,343,222,282,311,290,296,301,291,311,294,319,291,330,295,337,311,330,312,320,314,311,315,301,314,290,312,287,310,301,300,310,301,319,300,333,309,320,301,311,302,301,301
S035_003_02501201.png,201,218,205,245,210,269,214,294,222,318,237,338,257,355,280,368,305,371,329,366,349,351,367,335,381,314,387,289,389,264,392,239,394,213,220,215,233,207,250,207,267,211,283,218,314,218,329,210,345,204,363,202,377,208,300,228,301,243,302,258,303,273,286,281,294,284,303,287,311,284,319,280,242,228,253,225,264,225,275,231,264,232,252,231,325,230,335,224,347,223,357,225,347,228,336,229,267,303,277,299,291,299,302,301,314,298,327,296,339,299,329,319,316,331,304,333,291,332,276,323,270,304,291,304,303,306,314,304,335,300,315,320,303,323,291,321
S035_004_02502303.png,214,213,217,239,220,264,224,289,233,312,248,333,268,349,291,360,317,362,343,360,362,349,378,333,388,312,394,289,397,265,401,240,403,216,240,207,255,200,273,201,290,205,307,210,328,211,345,205,360,202,377,201,389,208,318,223,319,238,320,252,321,268,304,282,311,284,320,285,327,284,334,282,260,224,270,220,282,220,292,227,281,229,270,229,340,227,350,220,362,220,372,225,363,230,351,230,296,318,305,311,314,308,321,310,328,307,337,311,343,319,336,317,328,317,321,318,314,317,305,317,301,317,314,316,321,318,328,316,338,317,328,304,321,306,314,304
S035_005_02500525.png,205,216,209,240,213,263,218,287,227,310,241,330,260,345,283,357,308,360,333,357,354,344,371,328,384,308,391,284,393,260,396,236,398,213,226,204,239,194,256,193,273,196,288,203,320,204,335,196,351,192,368,192,381,200,306,216,307,231,307,246,308,261,291,270,299,274,308,276,317,273,324,269,247,220,258,218,269,217,280,221,269,223,257,223,330,220,341,217,351,217,362,218,352,222,341,222,277,296,287,291,298,290,307,292,318,289,328,290,339,293,329,302,319,308,308,309,298,308,287,304,282,296,298,296,307,298,318,296,334,293,318,296,307,299,298,297
S035_006_02501919.png,208,219,212,245,216,270,219,295,227,319,242,339,263,354,286,367,310,370,334,366,354,352,373,336,387,315,393,291,396,266,399,241,402,214,231,206,243,196,259,194,275,195,291,200,324,201,339,195,355,193,371,195,383,205,308,220,309,236,309,253,309,268,291,279,299,282,308,285,317,282,325,279,251,222,261,217,273,218,283,225,272,227,260,226,332,225,343,218,355,217,365,222,356,225,344,226,264,297,279,294,295,294,308,297,321,295,337,295,349,298,337,320,322,330,308,332,294,330,277,319,268,299,295,300,308,303,321,301,345,300,321,319,307,320,294,318
S037_001_00233525.png,252,227,254,256,259,287,267,316,277,343,291,370,307,394,327,412,351,418,377,414,397,398,416,376,431,351,442,323,451,292,457,262,460,231,276,187,285,170,302,162,320,163,335,173,378,174,394,164,412,164,429,171,439,188,357,207,357,225,356,244,356,262,336,278,345,282,355,286,365,283,374,280,296,216,306,208,320,208,331,215,319,220,306,220,382,217,394,210,408,211,418,220,408,223,394,222,320,332,327,312,344,303,354,306,365,305,382,314,389,336,381,363,365,377,352,379,340,376,325,361,326,333,343,316,353,317,365,317,382,336,365,357,353,358,342,355
S037_002_00235508.png,250,219,254,245,259,269,265,295,276,317,292,337,311,354,332,368,356,371,381,366,404,353,423,335,438,316,447,294,451,270,454,247,458,223,272,197,285,183,304,175,326,176,345,184,367,183,386,176,407,175,426,183,438,197,356,201,356,219,356,236,356,253,338,267,346,270,356,273,365,270,373,267,296,209,307,203,321,202,332,208,320,211,307,212,380,209,392,202,405,204,416,211,405,214,392,212,317,302,331,295,345,292,355,294,367,291,381,294,395,302,383,313,369,319,357,320,346,319,331,313,322,301,345,297,356,299,367,297,390,302,368,308,357,310,346,308
S037_003_00234705.png,251,222,255,247,259,272,266,297,276,320,293,340,312,358,334,373,360,375,386,371,407,357,425,338,440,318,449,295,452,271,454,246,457,222,274,207,286,193,306,186,327,188,347,194,366,194,386,188,407,185,426,191,437,205,357,209,358,227,358,245,359,263,337,273,347,276,358,280,368,276,378,273,297,215,308,210,320,209,331,215,320,217,308,218,380,215,393,210,405,211,415,217,405,219,392,218,318,303,333,298,347,296,357,298,368,295,384,296,397,302,386,312,371,318,360,320,349,319,334,313,324,303,347,302,358,303,369,301,392,301,371,306,359,308,348,306
S037_004_00232903.png,249,220,252,245,257,270,262,294,271,315,286,333,305,349,326,363,349,366,374,362,397,350,417,335,433,317,443,295,449,270,451,245,454,219,267,199,278,185,297,178,317,179,336,185,363,186,381,179,400,177,419,182,432,194,349,199,349,215,348,231,348,248,330,255,339,260,349,265,360,261,370,256,292,207,302,203,313,202,324,205,313,206,302,207,376,205,387,202,399,203,410,207,398,207,387,206,315,291,325,282,337,280,349,282,361,280,375,282,386,291,375,299,362,304,349,305,337,303,325,298,319,290,338,286,350,288,361,285,382,290,361,292,349,295,337,292
S037_005_00234020.png,252,223,255,249,258,275,262,300,271,324,287,344,308,358,330,371,356,374,382,371,404,360,426,346,441,327,449,303,452,277,454,252,456,225,276,202,290,190,309,185,328,186,346,192,367,191,386,185,405,184,423,189,436,201,358,206,358,224,358,242,358,261,336,271,346,275,357,278,368,275,378,271,297,214,308,209,320,208,330,213,319,214,308,215,382,213,393,208,404,209,415,215,404,216,393,215,312,307,325,297,342,293,355,296,368,293,386,298,400,307,386,321,369,330,355,332,342,330,325,322,317,308,342,302,355,304,368,302,394,308,369,315,355,317,342,315
S037_006_00234318.png,252,209,256,234,259,258,265,284,275,307,293,328,313,347,335,363,360,367,386,362,408,347,427,329,443,308,451,283,453,257,455,233,458,209,273,188,284,172,302,163,323,163,340,171,374,171,392,162,412,163,431,171,441,187,358,193,358,211,359,230,360,248,338,257,348,261,359,264,370,261,379,257,299,201,309,197,321,196,331,200,321,201,310,202,384,200,395,196,407,197,417,201,406,202,396,202,310,283,326,278,345,275,358,277,371,276,390,278,406,284,391,305,373,317,359,319,344,317,326,305,316,285,345,286,358,288,371,286,401,286,373,302,358,305,345,302
S042_001_01435126.png,243,233,242,262,245,292,251,320,259,347,271,372,288,394,308,409,333,414,359,410,381,396,401,375,414,351,424,324,429,296,432,269,432,241,253,203,266,188,285,186,303,191,320,201,351,201,368,192,386,188,405,192,416,207,334,224,334,239,333,254,332,269,313,286,322,288,332,290,342,288,352,286,274,226,285,218,300,218,313,230,299,234,284,233,358,231,371,220,386,221,398,229,387,236,372,236,299,335,308,317,323,307,332,310,342,308,357,318,365,338,357,362,343,374,331,375,321,373,307,361,306,335,323,321,332,321,342,321,357,338,342,354,332,355,322,353
S042_002_01440314.png,242,241,241,267,243,293,248,317,255,340,268,360,284,376,305,386,331,388,358,385,381,374,402,358,416,337,423,315,427,292,430,269,430,245,256,223,269,212,288,209,306,213,325,217,348,218,366,213,385,209,403,212,415,224,335,231,335,247,334,263,333,280,313,293,323,295,332,298,343,295,352,294,275,232,286,227,300,226,311,235,299,238,285,238,359,237,371,228,386,228,396,234,386,240,372,240,293,325,307,316,322,311,332,314,342,311,357,317,370,326,357,335,342,338,331,339,321,338,306,334,299,324,322,322,332,324,342,322,364,325,342,322,331,323,321,322
S042_003_01435417.png,241,234,240,258,241,283,244,308,251,333,265,355,283,374,303,390,328,394,354,390,376,375,398,358,414,337,424,313,428,289,430,264,430,239,255,224,268,211,287,209,307,212,325,218,346,218,365,213,383,209,402,211,413,224,334,232,334,246,333,261,333,276,311,290,321,292,332,294,343,292,355,290,275,233,286,227,300,227,311,235,299,238,285,238,358,236,370,227,384,228,395,234,384,239,371,239,292,329,305,319,321,312,332,315,344,312,359,320,370,331,359,347,343,353,330,354,319,352,304,345,300,328,321,322,332,323,343,322,363,331,343,337,331,337,320,336
S042_004_01440005.png,244,239,243,263,245,288,248,312,256,335,269,355,286,373,307,384,334,386,360,383,383,373,402,356,415,335,423,312,427,289,429,266,429,242,258,223,271,213,290,211,308,214,327,219,345,221,363,215,383,213,401,215,414,226,334,232,334,246,333,261,332,276,312,289,322,291,332,293,344,291,354,290,276,232,287,228,299,228,310,234,299,235,287,235,360,235,372,229,384,230,395,234,384,236,372,236,294,321,309,313,324,309,334,312,346,310,360,314,374,322,360,329,345,332,334,333,323,332,309,329,300,321,324,319,334,321,345,320,369,322,345,319,334,321,324,319
S042_005_01434826.png,248,239,248,262,248,286,250,310,258,332,271,352,288,369,309,380,336,382,364,379,386,368,405,351,419,332,427,310,430,288,432,266,433,243,259,230,271,217,288,212,307,211,326,215,350,217,369,213,389,212,407,216,418,228,337,232,336,247,335,261,335,276,312,283,323,286,335,290,347,286,358,283,280,233,291,230,302,230,313,234,302,234,291,234,362,234,374,229,386,230,397,233,386,234,374,234,297,314,308,303,321,300,333,302,346,299,360,303,371,316,360,321,347,326,334,328,321,327,308,321,303,313,321,309,333,311,346,309,365,314,347,310,334,312,321,310
S042_006_01435709.png,243,233,241,258,241,283,243,308,252,332,267,354,287,373,307,389,330,394,355,389,377,374,398,356,414,336,424,312,427,288,429,264,430,241,257,219,269,207,288,205,306,208,324,214,353,214,371,211,388,208,405,211,417,223,337,230,336,246,335,261,334,277,311,287,322,290,333,293,345,291,356,289,277,230,288,225,301,225,312,234,300,235,288,234,360,236,373,228,386,228,397,234,386,238,374,238,286,312,301,308,319,306,332,310,346,307,364,311,380,315,365,338,346,349,331,350,317,348,299,336,292,314,319,316,332,319,346,317,374,317,346,332,332,333,318,331
S044_001_00044207.png,253,222,253,250,255,279,259,304,267,329,278,353,294,375,313,390,336,395,360,391,379,376,395,355,405,330,415,306,421,281,426,255,429,229,274,209,286,194,305,189,324,193,341,201,360,202,377,196,394,195,411,198,419,214,350,219,351,232,351,244,351,258,330,273,339,275,348,278,358,277,366,275,294,221,303,214,317,214,326,223,315,227,303,227,369,226,380,217,393,218,401,226,393,232,380,231,318,323,324,304,337,295,346,298,356,297,366,307,368,327,364,344,353,353,343,354,333,352,321,342,324,322,337,308,345,309,354,309,362,326,353,334,344,335,335,333
S044_002_00044515.png,253,222,254,246,255,269,257,293,265,315,280,333,299,348,319,361,342,366,365,362,384,349,403,335,415,318,421,297,424,275,426,253,428,231,280,216,292,206,309,202,326,202,344,205,361,206,377,204,394,206,410,212,418,225,351,221,352,235,352,248,352,263,327,269,337,273,349,278,360,275,370,272,298,224,307,218,318,218,327,225,317,226,307,226,371,227,381,221,392,222,400,229,391,231,380,230,305,296,318,292,334,291,346,294,358,293,373,296,385,302,373,319,357,326,345,327,332,324,317,314,309,297,333,298,346,301,358,300,380,303,358,313,345,314,333,311
S044_003_00044801.png,253,222,254,246,254,271,257,295,266,317,281,337,301,352,321,364,343,368,364,364,383,350,401,336,415,317,422,296,424,274,427,251,429,230,276,216,288,204,305,200,323,201,340,206,361,208,379,205,397,205,413,210,421,225,352,223,352,236,352,250,352,265,327,271,338,274,349,278,360,276,370,273,297,224,307,220,317,220,327,226,316,227,306,227,371,229,381,223,391,224,401,229,391,231,381,231,304,296,318,293,334,292,346,295,358,293,372,296,382,300,372,317,357,325,345,327,332,325,316,315,309,298,334,298,345,301,357,300,379,301,357,312,345,313,333,311
S044_004_00045405.png,253,228,254,252,256,276,259,299,267,319,281,336,299,349,320,359,343,362,367,359,385,347,401,334,412,318,418,299,421,278,425,257,429,235,278,221,291,209,308,206,328,206,346,211,358,213,376,210,394,210,410,214,419,227,353,224,353,237,353,250,354,263,331,274,340,277,350,280,360,278,368,276,298,226,307,221,318,221,327,227,318,228,307,228,372,230,381,224,392,225,401,232,392,234,381,232,319,309,328,300,341,295,349,298,357,296,368,303,374,315,366,318,355,319,346,318,338,317,327,314,323,308,340,304,348,306,356,305,370,313,355,304,347,305,339,303
S044_005_00045102.png,251,227,252,251,253,275,256,297,263,318,277,337,295,353,315,364,339,367,362,365,381,353,398,338,410,320,416,300,420,278,423,257,427,236,274,223,289,213,307,211,326,213,344,218,357,220,374,217,391,216,406,218,416,229,350,227,350,240,350,252,350,265,329,277,338,279,347,282,356,281,363,279,294,228,304,223,317,222,326,229,316,231,304,232,367,231,378,225,390,227,398,234,389,236,378,235,312,311,325,304,338,300,345,303,354,301,366,307,374,315,364,321,352,323,343,323,335,322,323,318,318,311,337,310,344,311,353,311,369,314,353,310,344,311,336,309
S044_006_00043812.png,255,227,255,251,256,275,260,297,268,317,281,334,297,347,318,358,342,362,365,359,383,348,400,335,411,318,419,299,423,279,428,256,431,234,279,218,293,209,309,207,326,210,342,215,361,217,376,214,392,212,407,214,417,222,351,221,351,232,352,244,352,256,333,266,341,269,349,272,358,270,366,267,297,225,306,222,317,221,325,225,316,227,306,227,371,226,380,224,390,226,399,230,390,230,380,229,325,313,329,295,339,288,346,290,355,289,363,297,365,318,361,316,353,316,345,316,338,315,329,314,330,310,339,298,346,299,354,299,361,314,354,302,346,303,339,302
S045_001_00155612.png,157,233,162,258,168,282,176,306,186,328,200,347,220,364,241,377,265,381,289,375,311,361,331,342,345,319,352,295,355,268,356,241,354,214,169,220,176,203,192,197,210,197,227,203,259,203,277,194,296,190,315,194,328,208,245,227,247,245,248,263,249,281,234,292,243,297,252,299,262,295,271,290,192,236,201,230,214,229,226,236,214,239,202,240,273,232,285,224,297,223,308,228,298,234,286,234,225,319,236,317,247,315,256,317,264,315,277,315,292,315,279,329,267,335,258,336,248,335,238,329,231,320,247,322,256,323,265,321,286,317,265,323,257,325,247,323
S045_002_00160516.png,187,239,191,265,197,290,204,315,211,338,224,359,244,377,266,391,291,395,316,390,340,377,361,359,375,335,381,310,385,283,388,256,388,228,203,230,214,217,232,212,251,212,269,218,298,217,316,210,335,206,354,209,368,221,284,233,285,252,286,271,287,289,272,301,280,304,289,307,298,303,305,299,226,243,237,238,249,237,260,241,249,245,237,246,311,239,322,233,334,233,345,238,335,241,323,242,258,335,269,328,280,325,290,328,300,325,313,327,324,333,313,342,301,346,290,347,280,346,269,343,264,335,280,333,290,334,301,333,318,333,300,333,290,335,280,333
S045_003_00155911.png,187,238,190,264,195,289,201,314,209,337,223,358,244,375,267,388,293,392,318,386,340,374,361,356,376,334,382,309,385,283,388,257,388,229,201,233,212,218,231,213,250,214,268,220,295,220,314,212,333,209,354,212,368,225,283,235,284,254,285,273,286,291,267,300,277,304,287,307,297,303,307,299,226,243,236,237,249,236,261,243,249,246,237,246,308,241,321,234,334,233,345,239,334,243,322,243,249,321,263,321,277,320,288,323,299,320,314,321,329,320,314,336,300,343,289,344,277,343,263,335,254,323,277,327,288,329,299,327,323,323,299,331,288,332,277,330
S045_004_00154022.png,197,228,201,253,206,276,211,300,220,323,234,343,253,359,275,371,301,375,327,370,349,359,368,343,383,322,390,299,394,274,397,249,398,222,213,226,227,213,246,209,266,209,285,215,301,214,321,207,342,204,364,207,380,220,296,226,296,243,297,259,297,276,277,282,287,287,298,291,309,287,318,282,237,234,248,231,259,230,271,232,259,234,248,235,321,230,333,227,344,227,356,229,345,231,334,231,268,312,276,304,288,302,298,306,308,303,321,305,333,312,321,324,309,330,298,331,288,329,277,322,272,312,288,309,298,311,308,310,327,313,308,317,298,319,288,317
S045_005_00160225.png,187,233,191,260,196,285,202,310,211,334,225,355,244,372,268,383,293,386,319,381,342,368,362,350,375,327,381,301,384,275,387,249,388,222,203,230,215,218,234,216,253,217,273,221,293,222,312,217,331,212,351,211,367,220,284,233,285,250,286,267,288,285,269,296,279,300,289,303,299,299,307,295,227,241,238,236,250,235,261,241,250,244,238,245,310,238,321,232,333,232,344,236,334,240,322,240,259,329,269,325,280,323,289,325,298,323,310,324,322,329,310,337,299,339,290,340,281,339,270,336,264,329,280,328,289,329,298,328,316,328,298,329,289,330,281,328
S046_001_00022829.png,218,240,219,262,224,283,230,305,238,326,254,343,275,355,299,364,325,364,350,360,373,347,391,332,403,311,408,287,408,263,408,238,404,216,229,200,237,186,251,180,268,180,283,186,320,178,336,169,353,167,369,172,381,181,305,207,306,224,308,242,310,259,296,276,304,277,313,277,321,275,329,272,247,219,255,211,267,210,279,216,268,220,256,222,335,211,345,203,357,201,367,208,359,212,347,213,283,315,295,303,306,297,315,298,325,294,339,297,354,306,342,310,329,313,319,315,309,316,297,316,288,313,307,305,316,305,326,302,349,305,327,301,317,304,308,304
S046_002_00021514.png,220,231,220,257,224,282,233,308,246,333,262,355,282,373,304,388,327,391,351,384,371,366,387,345,400,320,409,293,413,265,412,236,408,209,231,186,240,171,256,165,273,167,289,176,325,173,339,163,356,157,373,160,386,172,310,198,311,214,313,229,314,245,300,264,308,266,318,268,327,265,335,262,249,209,258,199,271,198,284,207,271,210,259,212,340,203,350,193,363,191,373,199,363,204,351,205,290,315,294,295,307,285,317,286,327,283,343,291,354,311,347,334,333,347,321,350,309,348,295,335,295,314,308,298,318,298,328,297,348,310,330,327,320,330,309,328
S046_003_00021906.png,222,229,222,252,226,275,231,298,239,320,256,337,278,349,300,360,325,362,349,358,370,344,390,330,404,310,410,285,411,260,411,235,409,210,233,200,242,186,258,180,275,181,292,186,321,182,337,174,355,172,374,175,387,185,308,202,310,219,311,237,312,254,297,269,306,270,315,271,325,268,334,265,251,214,260,205,271,203,284,211,272,214,261,216,338,207,348,198,360,197,371,204,361,207,350,208,275,304,288,291,304,287,317,288,330,284,349,286,365,296,351,308,334,315,320,317,307,318,290,314,280,303,305,294,318,294,331,292,360,296,332,304,319,307,306,307
S046_004_00021111.png,220,235,221,257,224,279,230,301,239,323,255,341,276,353,300,364,326,365,352,361,374,348,393,332,405,310,410,286,410,260,409,236,406,213,232,201,243,189,260,188,276,193,291,200,326,197,341,186,357,178,374,178,388,186,310,212,312,228,313,244,315,261,299,272,308,274,318,276,327,272,335,268,251,219,261,213,272,212,284,217,272,220,261,221,340,214,350,206,361,205,371,209,362,213,352,214,285,305,295,295,306,290,318,292,329,288,342,290,355,298,345,305,334,310,322,312,310,312,298,310,290,304,307,299,319,300,330,297,351,298,332,297,320,300,309,299
S046_005_00022211.png,216,231,217,253,222,276,227,298,236,321,253,339,276,352,301,364,327,365,352,359,374,345,394,329,407,307,413,283,412,258,410,234,407,212,229,196,238,183,254,179,270,181,285,187,323,182,339,173,355,168,373,172,386,182,308,205,309,223,311,240,313,258,294,269,305,271,315,273,325,269,334,266,248,215,258,208,269,208,280,214,269,217,258,218,337,209,347,202,358,200,368,205,359,209,349,210,268,295,283,287,300,285,315,287,330,283,350,283,369,286,354,305,335,316,319,319,304,318,285,311,271,295,301,293,316,294,331,290,366,287,333,306,317,309,303,308
S050_001_00014406.png,317,216,319,239,322,262,325,285,332,308,346,325,365,337,388,346,413,348,439,345,462,337,484,324,500,307,508,284,511,260,512,236,513,212,331,186,339,169,355,159,375,159,393,165,424,164,443,157,463,157,482,167,491,184,410,191,411,202,411,213,411,225,394,250,403,250,412,251,420,250,428,249,353,202,362,193,375,193,388,202,376,206,363,206,434,201,447,192,460,193,470,201,460,205,447,205,368,287,384,276,400,270,411,272,422,270,437,275,454,286,438,295,423,297,412,298,400,298,384,297,375,287,400,278,411,278,422,278,447,286,422,288,411,289,400,289
S050_002_00013708.png,316,202,318,230,323,258,330,284,338,310,347,333,362,356,382,371,408,377,434,374,459,362,479,343,493,319,502,292,506,263,510,233,512,204,331,168,338,149,353,137,371,136,389,142,423,140,443,134,463,136,480,148,488,167,409,171,409,182,409,193,409,204,395,232,402,233,409,233,415,233,422,233,352,186,361,176,375,174,387,183,376,188,362,190,432,183,445,173,458,175,468,186,458,190,445,188,379,295,384,267,398,255,406,257,415,256,430,269,437,298,429,319,417,329,406,331,397,329,384,319,386,294,399,271,406,270,415,272,429,295,415,311,406,312,398,311
S050_003_00015904.png,313,214,317,240,322,265,326,289,335,312,350,332,368,346,389,358,414,360,439,355,461,342,481,326,496,306,504,284,507,260,511,236,513,211,325,201,337,186,357,181,377,184,398,191,418,188,439,182,460,179,480,184,494,198,410,203,410,215,410,228,411,240,394,261,402,263,411,264,419,263,427,261,350,210,361,202,375,201,386,210,374,213,361,214,434,209,446,200,460,201,471,210,460,213,447,213,377,300,389,290,402,284,410,287,419,285,432,289,445,299,432,307,420,311,410,312,401,312,388,310,383,299,402,293,411,294,420,293,437,298,420,300,410,301,401,301
S050_004_00015400.png,311,219,315,245,320,269,326,292,335,314,350,331,369,343,389,353,413,355,437,350,460,340,481,326,496,308,504,285,506,261,508,237,509,212,324,203,338,191,357,187,376,188,397,192,410,189,432,186,453,185,472,189,488,200,405,203,406,215,406,226,406,238,391,259,399,260,407,260,416,259,424,258,348,210,358,203,372,202,383,210,372,213,359,214,430,208,441,200,455,202,466,209,455,212,442,211,374,295,386,281,399,274,408,275,418,273,432,279,445,293,433,298,419,301,409,301,399,302,386,300,380,293,399,287,409,288,419,287,438,291,418,287,408,288,399,288
S050_005_00013112.png,313,209,315,234,320,258,325,282,334,305,348,324,368,340,388,351,412,355,437,349,460,337,482,322,497,302,504,279,506,254,508,229,509,204,325,202,338,188,358,186,378,191,398,196,414,193,435,188,454,184,475,186,490,198,406,201,407,211,407,222,407,233,391,252,400,255,409,256,418,254,426,251,351,206,361,199,374,199,385,205,374,208,362,209,431,204,443,197,455,198,466,205,455,207,443,206,378,291,389,281,400,275,408,278,417,275,429,280,440,290,428,295,418,299,409,300,400,299,390,297,384,290,400,286,408,286,417,285,434,289,417,286,408,288,400,287
S050_006_00014829.png,317,208,320,230,323,253,326,276,334,298,348,317,367,333,387,347,411,351,436,347,458,334,480,320,497,302,506,279,510,255,512,231,514,206,330,192,341,176,359,170,378,172,397,178,423,176,442,169,462,168,481,174,494,188,411,193,411,204,411,215,411,227,393,246,402,247,411,249,421,247,430,246,354,200,364,192,376,192,388,200,376,202,364,202,436,199,448,190,460,191,471,199,460,201,448,200,366,277,381,267,399,264,411,266,424,264,442,267,458,277,442,296,425,304,411,306,398,304,380,296,372,278,399,272,411,273,424,272,452,278,424,291,411,292,398,291
S051_001_00021702.png,206,231,207,269,211,307,222,344,243,374,272,398,303,417,334,430,366,430,391,418,408,395,424,371,440,346,452,319,457,289,455,260,448,230,263,212,282,198,305,192,331,192,354,197,383,197,398,190,414,186,430,186,440,195,369,235,372,254,377,274,381,294,346,314,362,317,377,319,390,314,402,308,284,241,299,233,316,233,332,243,316,248,299,248,389,240,403,227,418,225,430,231,421,240,405,242,311,354,335,342,361,336,376,338,389,333,404,336,414,343,405,373,390,388,375,392,358,392,333,382,319,353,360,350,375,349,389,347,408,346,389,366,374,371,359,370
S052_001_00115103.png,205,222,207,259,212,296,219,331,229,366,243,398,264,423,289,438,320,444,351,438,375,420,396,394,411,363,422,329,430,295,436,259,438,224,228,182,241,162,262,151,286,151,307,161,343,162,363,155,385,156,404,167,415,186,327,199,328,217,328,236,329,255,306,281,316,284,326,286,336,285,344,282,251,208,264,196,282,196,297,210,281,216,263,216,353,212,367,200,385,200,397,213,385,221,367,220,283,351,293,321,313,307,323,310,334,308,349,324,354,355,347,385,331,400,319,401,307,399,289,384,290,350,313,324,322,324,332,325,346,353,331,378,320,379,309,377
S052_002_00120316.png,198,236,203,270,209,301,216,333,228,362,245,387,268,408,294,420,324,423,353,417,378,401,400,380,414,354,423,325,428,294,433,263,434,230,215,211,230,197,253,192,277,194,300,202,329,203,351,196,374,193,396,196,413,209,318,222,320,240,321,258,323,278,301,295,311,298,321,300,331,298,340,295,244,228,258,220,274,220,289,228,274,232,258,233,345,229,359,220,375,221,388,228,375,233,360,233,276,335,292,324,310,319,321,322,332,319,347,323,361,333,348,348,333,354,321,355,309,354,292,349,283,333,310,327,321,329,331,327,354,332,332,340,321,342,309,340
S052_003_00120011.png,204,229,206,261,211,293,216,323,227,352,244,378,266,399,291,411,322,414,352,411,378,398,400,376,417,351,428,323,433,292,437,261,440,229,226,203,242,191,265,186,287,189,308,197,338,200,359,193,381,192,402,195,418,207,325,218,326,236,327,254,327,272,306,290,315,292,325,295,334,294,342,291,251,223,263,216,280,215,295,224,280,228,263,229,349,226,364,217,381,218,394,226,381,232,364,231,274,331,292,320,310,315,321,318,332,316,347,323,363,335,347,347,331,352,319,351,307,350,290,344,281,331,309,327,321,329,332,328,356,334,331,338,320,339,308,337
S052_004_00115725.png,202,220,203,252,206,281,209,311,220,340,237,369,262,394,290,414,321,422,352,417,378,398,401,374,420,347,430,317,435,286,438,254,440,221,217,204,233,189,256,184,280,185,302,193,339,195,360,187,384,186,406,191,422,206,322,214,323,235,325,255,326,277,299,289,311,293,324,297,336,294,346,289,248,220,261,215,276,215,292,223,276,225,260,225,349,223,365,216,380,217,393,222,380,227,364,226,261,314,283,311,305,311,321,314,336,310,357,312,377,316,358,344,337,359,321,361,304,359,281,344,268,316,305,319,321,322,336,320,370,317,337,342,321,345,305,342
S053_001_00022416.png,186,205,189,245,194,286,206,323,222,360,242,394,267,425,297,447,333,454,371,446,401,424,425,390,440,353,453,315,460,275,463,233,462,191,203,174,217,152,241,144,266,148,290,160,348,157,371,144,396,140,422,147,437,169,319,194,319,217,319,239,320,261,296,285,308,290,323,292,337,288,350,284,232,203,247,190,267,190,284,204,266,209,246,209,356,202,373,188,392,187,408,199,394,206,374,207,283,361,293,330,313,317,327,321,340,317,361,330,373,360,362,397,343,416,327,419,311,417,292,398,292,361,314,334,327,334,340,334,364,360,340,393,326,395,312,393
S053_002_00024000.png,184,216,189,251,196,286,204,319,217,351,239,377,266,399,297,414,336,417,376,412,406,393,431,368,449,338,457,305,459,271,463,237,463,203,206,193,222,175,247,170,273,173,298,180,345,176,369,164,396,163,422,170,439,188,321,205,321,228,322,250,323,273,298,290,311,293,326,296,340,292,355,288,237,212,251,205,268,204,284,213,268,215,251,216,362,210,376,200,393,200,409,206,394,211,377,212,280,332,297,319,316,312,330,315,344,310,363,315,381,327,364,337,347,342,332,344,317,343,298,340,287,331,316,326,330,328,345,325,374,326,345,321,331,324,316,322
S053_004_00023212.png,183,210,186,245,191,281,199,317,214,349,239,378,268,403,299,424,337,427,374,417,403,393,430,365,450,335,459,300,460,265,460,230,459,195,197,198,215,181,240,178,266,181,290,189,338,188,363,177,388,172,415,172,437,184,316,208,317,229,318,251,320,273,287,288,304,291,322,294,339,288,355,283,231,213,246,207,263,207,279,214,263,216,247,217,356,211,371,202,388,201,404,205,389,209,373,210,258,324,280,318,305,314,324,316,344,310,371,310,394,313,375,344,350,362,328,367,308,367,281,353,267,327,306,327,324,328,345,324,386,316,347,338,326,343,307,342
S054_001_00021110.png,207,244,211,273,217,302,223,332,231,361,248,389,272,414,299,433,334,436,370,429,399,409,422,383,439,355,446,323,448,292,450,260,451,229,217,228,231,211,253,206,277,208,301,213,335,209,360,202,383,198,407,202,425,215,320,231,321,250,321,270,322,290,302,308,312,311,324,314,336,310,348,307,247,241,259,233,275,232,290,240,275,243,260,244,355,238,368,228,384,227,398,233,386,239,370,239,269,342,287,336,309,332,326,335,344,331,368,334,389,339,370,364,347,378,328,381,310,379,287,367,277,345,310,344,327,345,345,343,381,343,345,357,327,360,309,358
S054_002_00020701.png,211,246,214,277,220,307,224,337,230,367,245,395,268,418,297,437,332,444,367,439,399,420,425,399,444,372,450,341,452,309,455,275,455,241,223,231,239,216,263,214,286,217,310,223,343,221,366,214,389,209,414,210,432,225,327,241,327,260,327,280,328,300,306,319,317,321,329,324,340,321,352,319,252,245,265,235,282,235,295,248,280,251,264,250,361,247,374,234,391,234,406,244,393,249,376,250,272,363,290,352,312,345,328,349,344,344,368,351,388,365,369,382,347,390,329,392,312,391,290,382,280,365,313,361,329,362,345,360,379,366,346,369,329,371,313,370
S055_001_01064616.png,244,242,246,276,251,309,259,341,269,371,284,401,305,428,330,443,362,448,392,441,414,421,431,392,444,363,455,333,465,303,470,273,473,242,264,202,278,182,300,171,324,174,347,186,391,189,410,179,431,176,451,185,461,204,368,217,368,236,369,254,369,272,346,293,357,296,368,298,378,297,387,294,293,229,305,214,324,215,338,230,323,236,305,236,392,233,407,218,425,218,437,234,426,241,407,240,324,358,335,327,354,315,365,318,376,317,392,330,398,362,390,393,374,407,361,408,349,406,332,389,333,358,354,331,365,331,375,332,392,361,374,388,363,389,352,387
S055_002_01070320.png,242,256,245,284,250,311,256,338,265,362,281,383,303,400,329,412,359,415,388,412,412,399,431,383,446,362,454,338,460,312,466,286,470,260,266,232,281,214,304,207,328,210,351,220,379,222,400,213,423,211,443,220,455,238,364,239,364,258,365,277,365,295,343,312,353,314,364,317,374,315,384,313,292,245,303,234,319,234,332,247,319,252,303,252,390,249,403,237,419,238,431,250,419,256,403,255,324,353,336,340,352,335,362,339,372,336,386,344,396,358,384,363,371,364,360,364,349,363,335,360,330,352,351,345,362,346,371,346,389,357,371,347,361,348,351,346
S055_003_01064100.png,240,248,243,274,246,300,251,325,260,350,278,371,300,387,325,400,356,404,386,400,409,387,429,370,444,349,453,325,459,300,462,275,466,250,264,218,278,202,299,196,321,198,341,207,382,208,403,203,424,202,442,210,452,225,363,225,363,241,363,257,364,274,339,288,350,291,362,295,373,292,383,288,290,233,302,225,317,224,329,232,317,235,302,236,389,234,403,228,417,229,427,238,416,240,403,238,317,325,332,314,348,311,359,314,370,312,384,316,395,329,383,337,369,343,357,344,346,342,331,336,324,325,347,322,358,324,370,323,388,327,369,327,358,329,346,327
S055_004_01070017.png,245,260,248,288,252,314,257,340,266,365,283,387,306,403,332,414,361,417,389,414,412,404,432,388,446,367,455,342,461,316,467,292,473,266,271,233,289,220,311,214,334,215,357,221,383,222,405,217,427,218,447,226,458,242,369,239,369,256,370,274,370,292,348,310,357,312,367,314,377,312,386,311,297,247,309,237,324,236,336,247,324,250,309,252,393,249,407,238,422,241,432,252,421,255,406,253,324,343,341,337,357,332,365,335,375,333,388,338,402,348,387,353,374,354,365,354,355,353,340,350,331,343,356,341,365,343,374,342,397,346,374,343,365,344,356,342
S055_005_01065524.png,242,243,244,267,245,291,247,317,255,343,272,366,295,385,321,401,351,408,381,404,406,389,429,372,446,352,456,327,461,302,463,278,467,254,264,221,277,202,300,195,323,196,345,204,379,207,400,201,423,201,444,211,455,229,361,226,361,244,362,262,362,281,334,293,346,296,360,300,372,297,384,295,290,233,303,224,317,224,330,234,317,235,302,236,388,237,403,228,417,230,428,239,416,240,402,239,295,319,318,313,342,311,357,313,372,312,393,317,411,324,391,344,370,355,353,357,337,354,314,342,301,320,341,318,356,320,372,319,405,324,371,342,354,344,339,341
S056_001_01175102.png,179,216,180,251,184,286,190,320,203,353,224,381,248,403,276,421,308,424,338,418,360,397,380,373,395,344,403,312,407,280,411,248,411,216,205,213,220,196,242,192,265,197,287,205,319,203,340,194,362,190,383,194,396,210,303,231,303,256,304,281,305,306,277,314,290,319,304,323,318,319,330,313,234,230,245,223,262,224,276,233,261,238,245,238,328,233,342,224,357,223,369,230,358,238,343,238,264,355,278,343,293,338,306,342,319,337,334,341,347,350,336,358,322,364,308,366,295,366,280,361,270,354,293,350,306,351,319,349,341,350,320,348,307,350,294,349
S056_002_01170628.png,171,214,174,246,178,279,183,311,194,343,213,370,237,393,267,412,301,415,335,406,360,383,381,359,395,332,400,302,401,270,403,239,403,208,192,209,209,195,232,194,255,200,279,207,302,206,324,198,346,192,368,190,385,203,291,223,292,246,292,269,293,292,264,296,278,303,295,309,310,302,324,293,223,224,235,218,250,219,264,226,249,229,234,229,319,226,331,218,346,217,359,221,347,227,333,228,252,329,266,322,283,320,297,323,310,318,325,318,338,322,327,338,313,348,299,351,284,350,268,343,258,331,283,332,297,333,311,331,332,325,311,331,298,334,284,333
S057_001_01270627.png,221,212,224,241,231,270,238,299,249,327,265,352,288,374,313,391,341,395,369,389,394,372,418,349,435,323,445,293,450,261,453,229,454,198,238,187,250,171,269,165,289,169,307,177,349,172,368,160,389,155,410,159,426,173,329,206,330,226,330,247,330,268,313,282,322,286,332,289,344,285,354,281,260,211,272,199,289,199,303,214,288,219,271,219,362,209,374,193,392,190,404,201,395,210,377,212,298,322,309,312,323,306,334,309,346,306,362,311,376,320,364,341,348,352,335,354,323,352,309,342,305,322,324,318,335,319,346,318,369,321,347,331,335,333,324,332
S057_002_01273712.png,217,217,223,246,232,275,240,303,250,330,267,353,289,371,316,384,346,385,376,378,402,361,425,339,439,313,446,284,450,254,453,224,452,193,233,203,247,189,268,186,290,188,311,195,341,192,361,181,383,176,405,175,424,185,327,212,328,233,328,254,329,275,312,289,321,292,332,293,343,290,353,287,259,217,270,208,286,208,300,219,286,223,270,223,360,214,372,201,388,199,402,205,391,213,375,215,296,328,308,319,323,313,334,316,344,312,361,317,376,322,363,332,347,338,335,339,324,339,309,336,300,327,323,324,334,325,345,323,370,323,345,321,334,323,323,322
S069_004_00014024.png,192,245,193,273,198,302,205,330,218,357,239,382,264,403,292,419,325,423,357,417,382,399,404,376,422,349,432,320,436,290,438,260,437,231,211,219,225,203,246,196,268,198,288,204,333,199,354,190,375,188,396,195,411,208,313,228,313,247,314,266,315,286,284,298,300,301,316,305,332,299,346,295,237,239,249,233,263,233,278,239,264,240,249,241,348,234,360,226,374,227,389,231,375,233,362,234,257,332,278,322,301,317,317,320,335,316,360,318,380,325,364,356,341,372,322,375,304,373,279,360,264,334,302,330,318,331,336,328,373,328,339,352,320,355,303,353
